id,name,description,price,currency,active
pro_fjbhypkndxqpxpotflpkpa,food college,"Market him everyone safe film speak candidate. Line laugh theory school gas fall our.
She second sit support medical. Machine before from century.",91,USD,True
pro_xiuvzojbahslhtfriagtad,response can,"Record you word about hot popular. Speech decide wind. Design speech week staff.
Political college always ready. Defense create blue identify ok. Direction plant explain important maintain same.",867,USD,True
pro_nhyfackmwkprdopuusedqu,last culture,"Ten them candidate region spring small wear.
Turn benefit president partner. Share born detail edge ok. Reason none probably under.",533,USD,True
pro_vavsfpmzxpyjvwaoltzodf,talk third,Test soon from point plan cup third. Last themselves decide everybody development establish soon. Remain card strong wall teacher.,828,USD,True
pro_rtezdbgsksbyxdbbrguczc,painting join,Might middle section now animal despite. So vote type go look more yeah. Standard family concern happen a ask.,619,GBP,True
pro_fgbggnvpuvvudpwishfoqi,head adult,"Economic beyond light mind.
Goal campaign rate. Both respond start require. Most style down even sport.
Interesting dog same avoid.",537,USD,True
pro_qhpsuilivvselmuafgddvm,quality follow,"Hair possible able serious coach tax leave. Anyone assume across same against have.
Relationship also edge child class page space today. However happen spring finally operation scene.",345,USD,True
pro_icwongdnosdnielbxgwjvj,job floor,Address live wind here allow risk. Type need agent choose east just. Trouble argue girl impact before particular morning.,775,USD,True
pro_whpcoudzgtpxvzucpbgkvz,these result,"Be home mind turn may prevent color.
Culture begin economy environmental. Data actually most able we low treat.",706,USD,True
pro_jojlypeuifduxewvjefkta,sing test,Eight perhaps represent face join poor about. Market choose husband boy establish phone reveal. Appear put main anyone thing born teacher science.,701,USD,False
pro_ivqwxavjhqsydorgabnewf,least doctor,"Recent interesting message general partner measure impact. War culture wrong science reflect glass cost begin. Contain law hospital fall paper.
Produce decide say three play summer.",806,USD,True
pro_kgjjbxxetpueynvrtldifi,summer group,"Itself unit safe according act. Window really forward trip civil which remain. Tree card result owner impact affect.
In new way should coach. Machine finish raise most modern. Another art key rest.",434,USD,True
pro_tppxcyusnpojwfnqytqcbp,scene leg,Evidence again morning use economic everybody ground. Office thought wind identify. Deal close reality appear maintain two. Rest speech relate party owner popular rest clear.,611,USD,False
pro_rhsmofymohzmrburlmytyn,include benefit,"Also hot agent sister eight. Five event southern former mother. Civil they among board peace.
Result require choice family it anything poor. Family wrong either paper.",713,USD,True
pro_yaplvaqlxbdvmppyazdgof,election buy,Past must everyone. Single these compare two. Spend need several home tree authority. Trade argue describe paper reason where understand.,299,GBP,True
pro_esdixpmcctuhcshmdwjqhz,interview benefit,What help avoid necessary. Agency finish pressure statement change thought. Young ability far a drug support special.,685,USD,True
pro_szrypdlwhosycejkkqhmuj,American must,"Society grow hit rise. Lead how character its boy.
Catch opportunity yes member cost. Current dream appear language for.",765,USD,True
pro_yuqoybjtrehanadjicjufq,home relationship,"Long red figure month.
Pass light exist goal. Team attorney around pattern serve. Where claim shoulder space space bed money.",209,USD,True
pro_xmcgkplvtooapkowvxtnjo,single law,"Expert air good tonight. Force key member so camera. Pull century if election floor indicate. Structure teacher teacher official knowledge.
Reveal allow close soldier fear huge.",431,USD,True
pro_heywqqvdrkixfkgtefbzkw,poor let,"Ago name ball life. Television special identify with tree age power.
Eye unit traditional bit. Market method student compare school capital could about. Near what goal mind message.",341,GBP,True
pro_smkszppbfpuvgxqpqjmiuq,toward environment,"Way bed firm play by cell money. Expert character image office ok everything network.
Anyone leader this off. General argue offer wear attack. Without eight attack little move yet.",911,USD,True
pro_hftciwnhdfpyjmnqacvzjx,seek now,"Lose off quality town save own. Phone also throw toward.
Structure sound bed her a what. Marriage rate radio order fast.",162,USD,False
pro_kfkuchedvzqfwibezfefgu,list major,"Instead him concern lawyer bad force hope. Spring investment bad series single. Always start voice.
Economic our group yet early. Together book society politics. Detail same like determine chair lay.",313,GBP,True
pro_xynmfcnixoorsmtgodtnjb,history increase,"Size system building state take show behind. Book address enough Republican skill. Site once school year.
Pressure right benefit doctor modern to they. Me traditional eat thing question line hundred.",440,USD,False
pro_wsicsoyjtyenoijxvtjdcg,notice town,"Radio board citizen. Positive vote quite decade fine account education.
Break consumer chair bar. According gas machine arrive. Weight southern lay score mother traditional.",86,USD,True
pro_fdbvmkgllivvprwdotwjws,himself citizen,"Discussion me so be evening owner also produce. Expert institution bill yes.
Would establish position myself cover. Example trouble local floor drop couple reason. Yourself their man politics.",125,USD,True
pro_qvtvszkukgssjkemajoffx,wait suggest,Traditional over spring room could someone performance college. Indeed student likely build treat police. Read help discussion hold benefit only draw.,788,USD,True
pro_jduagxmwyfyhtvegcbupct,fund raise,Politics chair drop represent entire. Century onto morning parent. Just girl help state.,252,USD,True
pro_afrkhnweivlyovhuhdiina,maybe visit,"Social soon range. Manager forward analysis forget rich last.
Glass why value discover card drive same serve. Around third officer majority together the general identify.",106,USD,False
pro_lpkeshjfbuvfemjxheureh,shoulder degree,"Over close ground draw. Mrs against you population include.
Little style know major truth visit power capital. School everyone capital perform suggest detail. Heavy compare way speech music.",555,USD,True
pro_ansolwydfunswnsghhiskz,source bit,Gun themselves produce lead. Rest summer however write management home. Close relate year make alone attack.,103,USD,True
pro_gvjjhmbflbepkgwyvshdbv,player another,"Suddenly address risk benefit concern moment. Natural each test.
Ready on voice figure age cultural. Fill economy team despite hour medical forget.
Blue exactly likely movement.",403,USD,False
pro_lcenjmelfhptrtywvxbivc,step police,Weight voice force growth election religious. Person quality everything provide much everyone word note. Wind wonder space music. Whole into owner success present store.,783,USD,False
pro_sqynsceowzrivcquvkilpt,system certain,"Large say realize hope believe wall security. Always stand rest bar process summer. Top six company study in dark ten.
Nice indicate civil itself health full computer. When natural economic cold.",567,USD,False
pro_phmkbsdvnzseswmsxzperp,suddenly central,"Every goal member. Early from skill play significant.
Certainly game serve according shoulder successful. Entire win final available situation.
Stage fall agency blood. Teacher over process accept.",291,USD,True
pro_rmskqxwrvuodjrbckxybfz,maintain his,"Hour again fly education theory. Need adult thus small green growth.
Teacher community trip against girl. Baby service goal company ball open able.",167,USD,False
pro_dtdjffekvulqbvujfvmeet,ready from,"Media true local ball rise feeling training. Identify policy dinner onto trade the difficult.
Color late in bad able. Hard pull wait drive attention administration. Wife little break guy.",659,USD,True
pro_qdjdqzotvsllxxlryekpzj,personal dream,"Miss set like next. Other discover capital. Event his order.
Unit enough home line high glass. Report nothing face role form fast charge.",884,USD,True
pro_ykgbkfkeybwheytuatoxht,perhaps clearly,Forward after strategy yes piece. Figure six eye from reduce. Learn air until itself that room rest.,647,USD,False
pro_yablybtwpcrnhpcagyqrrd,might interview,"Technology son us they worry month less tough. Wide federal understand since. Ten for recent time.
Run reveal discussion imagine. Many paper discussion.",385,USD,True
pro_tvqwndybkcbaiewwxmnyhh,specific start,"Remain own sister. Can black amount if. Education plant agree industry ever.
Still process thousand message Mrs.",483,USD,True
pro_buyzaauxesvhejbpmwgnug,authority magazine,"Special political radio matter.
Especially animal turn care certain myself. Stuff knowledge plan represent. Miss all trouble real safe ever capital.",63,USD,True
pro_pkfmtcptrmetjkcnvcchvw,first state,He alone left anything onto quality. Dream expert open real. Debate imagine art anyone value better.,705,USD,True
pro_sbdiwoehpdfebgdpvatshc,she party,Ten national night reveal note house say. Red product kitchen. Stock happy place keep line notice perhaps.,72,USD,True
pro_kycvwakesilrdpachwrxkd,article national,"This today floor subject. Somebody need thousand.
Candidate early prepare. They organization wait.",355,USD,False
pro_twqzuhzumqqqiitehugblz,week institution,"Should risk capital it. Fact foreign manage run have protect. Other eye then seven threat.
Finish material high do ball most. Alone of capital thought position.",894,USD,True
pro_lsxcaptbyjjrtzcbwcfgmw,paper himself,Never just nature human thing nearly. Must unit dream their these on. Rise role less number already.,817,USD,True
pro_vwalyndhvmntjslrlbfgiq,off market,Actually present fight tonight contain yeah long. Career night foreign great. Worry effort commercial hold sound open field.,444,USD,True
pro_pvuwepyploqlhiwsilfhwp,other successful,"Coach nor force indicate. Hair gun thus wall blue. Smile upon hit national apply red.
Material store expert system charge. Scene same friend approach almost doctor.",299,USD,True
pro_gwrsbkuouvbmsalndidnsv,often news,"Between majority either shoulder baby. Cold head customer skill.
Before a issue person. American agreement service worker south watch Mrs. Early over term animal.",961,USD,True
pro_xynukgynhrowihbvnpwyaw,attention toward,"Father I economic direction traditional husband car.
Address your year clear ever. Maybe phone recognize then.
Artist history wish matter successful. Most fill wear.",359,USD,True
pro_nqvbaibrjvfdwkudhvmkye,really already,"Ahead question itself over such certain set. Hair when performance several person determine mind lose. Sister sign animal here.
Local case dark rate. Might he else end.",527,USD,True
pro_dqxltjnzvqppinllhkjcnb,raise unit,For wait participant think student past agree include. Score upon possible box. Move project more idea country. Outside serious poor for bit real.,798,USD,True
pro_zhehbgtgwfviqpnfvhkttd,board country,"Happy lead town field also certain reason. Interest fly shake computer.
Head put enter camera ground team support happen. Girl stock dream throw. Study care early think course.",610,USD,True
pro_iohjabenwdqjrdnidmomac,individual either,"Special police chair bill instead even drop. Everybody ago cut.
Particular offer against west option professor impact night. Everything somebody and morning specific force. Mean lose try every out.",165,USD,True
pro_nrtsokwammftrmitytgdek,American operation,Service public similar professor college lead specific. Only learn already probably despite argue.,10,GBP,False
pro_skscrwgjwcfwlhzerrrvsa,local talk,Arm special live all executive guess expert audience. Since no network cut. Peace he particularly media.,129,USD,True
pro_gtdpvcfbxsxiidzekmxcno,most property,"Behind picture product account make sense loss. Score hit yeah little.
There down above. Maybe onto help number too international. Financial understand stock go upon.",32,USD,True
pro_imbywjqfrnskyyjluqclsv,meeting full,"Choice record listen become themselves most thought. Machine think answer success card.
Million along present spend ok fear night. Tax very remain help.",633,USD,False
pro_ktpmnyqeyoednerocgdhsx,present cost,"Position ask student pick western. Letter support upon mean.
Young remain available management store. Pressure bill rather.",245,GBP,True
pro_qckrwekpdqmywxxafubzqs,mother sister,"Century get course factor trip push. Will later carry perform nice poor.
Ok country hit dark. All usually interest thank. Music president month strategy spend goal address.",627,USD,True
pro_mfepopbfszvcycenmwftpp,your probably,"Exist back standard move option reveal set. Evidence kind window speech a raise.
Final word more couple business put.
Growth door want station. Party second law.",380,USD,True
pro_breohawbktthifsqudphef,process maybe,Station former true chair difficult because let. Act policy media. Through method along though education.,318,GBP,True
pro_wifzgpmxfctdlhmbbhuibl,buy board,"Receive allow raise media step capital. Score purpose owner find director recently.
Necessary red almost. Also work pass almost also cell air. Then behavior game seven.",446,USD,False
pro_ruztowkgumsgijiaavkrsx,natural ability,"While before sell important. Outside hotel green hair woman campaign mouth. Open alone region everything be.
Toward thus expert. Standard animal high center medical environment market.",258,USD,True
pro_sufmlvlzkwlypwaqczyytd,skin treat,"Choose past class. Measure debate necessary fast light.
News special job. Walk soon eye black.
Three cold relate. Senior myself economic their. Bank stay hospital tree.",497,USD,False
pro_dfxzwqiskdyoofniknfujz,of return,Already field civil. Miss game democratic season industry. Sing gun number long stop hotel dream.,106,GBP,False
pro_xmazrctspuqtroiedzwdvv,mean huge,Response usually black base. Choose actually say garden field available. Bank speak green.,860,USD,True
pro_iudrkzxokvysjxbmasrvtz,would gun,"Provide field subject seek can natural street west. Smile including fast buy reality. Foot effort but space beat use.
Shake at participant. Herself environmental herself home whether child sure.",514,USD,True
pro_wqjqidsknnjwybujubznbx,understand company,"Side share sister growth agent why. Challenge hear class travel case couple boy.
Total listen others.
We certain win sit physical. Unit onto occur both. Enter find always former.",818,USD,True
pro_klzgthgckmhyrsueprmhyy,hotel easy,Write race religious friend challenge. Popular land best lead. During able know Democrat parent must instead.,930,USD,True
pro_uqnocybrtfakbllxbcstch,reveal director,"Science me product participant plant night win. Nothing standard control financial ready song sea.
Only here identify then. Party need most culture than.",834,USD,True
pro_sztuzfptiskaivwjtrgnzl,central finally,Peace doctor another ask. Identify bag kid executive. Letter prepare chair building coach. Style exist newspaper.,186,USD,False
pro_yvmhmxvgrnrmyofiffhftw,others everybody,Most indicate current clearly record believe form garden. Present I government accept night term relationship yet. Plan weight management identify support only.,998,GBP,True
pro_xsalbaeswqqgiqsknklnfm,address send,Direction party successful oil director vote. The notice decide board someone rather. Say position your choose politics short.,410,USD,False
pro_tfwoedenvfiegtvwrcgltp,mean star,"Voice challenge professional. Reach their bill wear vote lead enough.
Include western item company street stuff tell.
Positive information religious arrive true. Their really leader garden.",511,USD,False
pro_saktbpdaozpportyesbmcc,court girl,Discover animal green vote certainly participant mind. Beyond success spend goal government agree. Human popular know serve them.,798,USD,True
pro_ntedcbrjjwjfndvimjdebs,concern those,Them player product town so. Table would data environmental song camera. Until professional guy example meet none factor.,243,GBP,True
pro_kkwcblfwstjvcwtlacfadj,team recent,"Along long determine keep. Record pretty deep who trade white likely blue. Wrong other kind response bed try bring down.
President have offer base rock ten office. These risk live experience culture.",117,GBP,True
pro_nukhbpvhkriwxckkmbcfwx,real then,"Ahead require chance become consider.
Determine fly position sometimes throw why. Thing citizen interesting we line allow six. Send feel identify community behavior.",367,USD,True
pro_isjcukpgppasayvfjligsv,buy trouble,"Take affect small laugh. Particular number small who southern listen southern.
Soon outside lead loss scientist star material. Both certain find light only light.",730,USD,True
pro_lsvvakgzdkxjecxzzqedgr,significant Democrat,Fish forward notice media finally whatever. This research board our art somebody. Exactly field network control hospital southern continue. Visit produce go realize relate rule set put.,103,USD,True
pro_pchdwtpkdfartynhoscjii,middle someone,"Will cause moment name lot travel. Those our score require. Beyond rest yet discussion.
Picture series determine take population deal. Week direction easy field you game team. Short for reveal be.",132,USD,False
pro_vbenwcfrpxsyrnpznojsqn,tonight government,"People near daughter happy. Economy top into others financial.
Could to indicate budget marriage imagine opportunity area. Follow market among fact. Check truth step shoulder rule check.",353,GBP,True
pro_zsyhchvmzpeuragltelqqv,run my,Protect color past fact relate. Sit environmental news rock. Choice serious value view another prove. Eye enjoy mind thank.,373,USD,True
pro_hmmccemzwcurroahlhzojo,tonight political,"Decision activity watch hospital. Oil bar trade occur never.
Race catch forget watch apply quickly family. Follow you environment public. Appear wonder him score.",821,USD,True
pro_knaygyhrekeqyjcxspbada,total red,"Region describe then. Board woman democratic property.
Employee experience college stand lose expect. Including author onto. Station side different responsibility.",506,USD,False
pro_bdnmtvmlminqtfroqtbevk,rather radio,"Nice too nice consumer by yeah place. All consumer property adult.
Congress person street. Front recent of. Party music catch seem man safe situation.",580,USD,True
pro_geegqkhzbovhabghbdclot,child certain,Second pressure simply shoulder Congress effect. Condition though clear feel forget senior. Hand government first about participant public. Let say wife probably.,372,GBP,True
pro_sgggorxcpsbpytdstfpkxw,himself fast,"Long house each near improve.
Nature series today task. Court husband court happen simply.
People after despite baby interview candidate technology street.",94,USD,True
pro_evtlbdcdobkbwuyqlkgtxq,sing turn,Where keep white prepare American policy. Thank dinner create. Night provide point production mouth modern other.,82,USD,True
pro_uuepbwoemiizthqwvgppxs,should both,Stage prepare method school little bag. Party weight practice away. Big everything change shake exactly part manage.,100,USD,True
pro_tkqukvzkcmizrfexwgcvmk,pick popular,"Ready population yard likely.
Third detail hand list cover. Reach high organization either. College he bit be since because should strategy.",616,USD,True
pro_dlmfgbbegyenwiulkbregp,democratic memory,Discover return fire adult real. Statement radio receive stage site cost matter individual. Buy million so writer several education life. On east ball message drive.,327,USD,True
pro_vyjhcjbzoujtzfeohhdlbb,hand sure,Society century interview live friend wrong wall. Give amount throw school walk fact instead. Threat those hand.,637,USD,True
pro_tdlgghocbxxtyshvfrhfgf,perform own,Political mind three religious increase chance customer data. Authority million music early.,795,GBP,True
pro_ygalzfcnkfflkrxarhbnnr,enough security,"Together sure field draw. Run any five building community mouth. Peace last quickly wife stuff animal consumer.
Sign analysis simple yourself watch institution. Not director program claim too cold.",685,USD,True
pro_pvnizepldzehfsaeeztjca,describe than,Nor company human thought understand threat thus way. Rule interview add want need base. Forget themselves discuss market movement.,252,GBP,True
pro_dujwrwjjofxayiqrawrult,claim science,"How learn order break story try window. Movie eight stand level thousand write poor clear. Ball rule lose sense much number sometimes.
Drive step parent factor. Standard see in up.",737,USD,True
pro_fvuufmfvzbowcjqzobnerd,ok box,"With bill with of decide. Maintain exactly bad ask. Budget we wife food.
Beyond attack though market not. Out build ability another professor.",666,USD,False
pro_byzkduanitbpqhovamszok,whether actually,"Significant record rock chair such total fast. Though same floor.
Always morning season market own beautiful. Speech leg list behavior so during.",801,GBP,True
pro_cuwgoqjohcargbvqgjgzlb,country those,"Stop task career choose piece sit energy check.
Government anyone too enjoy rich. Money support customer. Certain shoulder soldier. Sit nice growth which your half.",831,USD,True
pro_yabibbzujxxyyrnrgbvwti,west official,"Case practice beyond quality owner rather. Image student common wrong.
Common PM race cut place play. Speech according worker meet weight great sign.",836,USD,True
pro_ulwwcmlgeprlishfknjmwi,opportunity common,"Participant age under offer movie could. Eat ago campaign sell make age spring.
Nothing member American. Treat each town production theory himself popular.",329,USD,True
pro_ovcmpahkhrnxaupazlmwtu,question government,"Five why low agent dog sea tax marriage. President rather after low dark long.
Head local deal agency. Pick interest inside unit.",442,GBP,True
pro_crsqepxroiosmdkeizkpon,person magazine,"Finish me area idea address little. Spring sense worry. Executive camera understand every everything away letter.
Participant turn quality area situation century. Animal south professor nature.",362,USD,True
pro_lecmdagfbwsjhboxepojqc,cut even,"Machine individual visit that weight top. Even buy heavy image. Do left seat school evidence money hope.
Guess degree institution within. Phone next fall boy.",167,USD,False
pro_hntlhoquyioaublzzwyaio,chair weight,Billion building nothing page order I bed. Many institution each discover. Near wrong sense democratic morning.,925,USD,True
pro_rwzcbyntdtmlszabdghxyz,edge really,"Good community close wide new.
White try threat pressure possible. Song challenge relate simple stuff professor measure. Daughter else on name face.",232,USD,True
pro_egauhodxqiwybobsuypsze,similar stop,"Say agreement power board. Reason present who peace each culture. Or Democrat claim.
College population measure trouble. Appear one friend friend nearly large. Husband play believe director.",109,USD,False
pro_dymgvsokpdfklcfivwhtft,why huge,"Section me difficult hotel actually build.
Dream her save possible. Type base already party section explain.",900,GBP,True
pro_rvloblebkvisgrngqwnsiy,movie that,Century summer push down. Fall need without consumer room performance ability federal. Bar hope create church friend media.,106,USD,True
pro_pkxbqfolwmvyncqtnfeimv,this which,"She character just dog sort stage network. Trip Mr see however.
Return want live. Chance guy one anyone finish. Once whose other without decide color business.",128,USD,True
pro_rvlyrxpmczzotlekjfxcda,simply nature,"Movement form data. Attack model himself difficult.
Stock financial spring edge family. Name something thing fine cell throw drive.",678,USD,True
pro_tvpoeeomipxdgrelnerhff,space election,Crime question challenge themselves five can identify. Away physical model entire outside trouble. Tree spend environment defense approach probably especially.,659,USD,True
pro_jbwlpijqdzxjcqewuavgxq,coach we,"Paper approach machine such statement time spring. Particularly two factor operation movie season. Order involve staff type government.
Show sure western against production by. Study whom ten.",911,USD,True
pro_yljtgwhymzrrmumesibhef,power ten,Various around expert total season question. Also scene relationship heart product. Age soon even evidence court yard wait. Yeah go white.,906,USD,False
pro_petkpaaakgtjnciofdijiy,high table,"Require her value up glass sense girl. Edge although rich.
Decision mouth million available manage parent.
Town so finish star some such. Business best develop to more five rest animal.",127,USD,True
pro_sdhuxfmesvvzxyerhxrzal,thousand resource,One force heavy great both. Improve treat friend water program. Whole he future support successful expect. Sport choice our improve shake different.,757,USD,True
pro_ltyqcmtzlpfthkhbcptsqy,morning several,"General hair price method trip throughout sing. Together score room growth.
Serve growth possible area. Stay win series suggest. Discussion suffer president food toward.
Thank case modern nation.",473,USD,True
pro_adfxneqitcxcsmzcilndpk,factor boy,Friend make mention. Bank natural usually thank physical away. Want surface add practice environmental finish free off. Newspaper participant or table.,850,GBP,True
pro_effcyxgfmlflaqhmegqzap,community parent,"Town fear claim. Use learn expert morning however middle.
Unit couple hand. Operation low medical wear somebody south on.",736,USD,True
pro_jevefemmsftpgdsgcstbtb,help meeting,"Father contain thing hour. Low work success.
Institution individual increase real. Compare civil its prepare.",431,USD,True
pro_mphafbhssbuqnukiiszjxe,above professor,Sea claim defense room environmental. Know fish business finish which person. Page tend might sea exactly situation.,423,USD,True
pro_bqlqierzdhopqbmynbibfe,girl environmental,Second hand box front deal first industry similar. Us her question lead picture drive seven pattern. Song find begin hair administration throughout. Young lot include.,991,GBP,True
pro_ssrawmoafjekondzahxdzy,reality instead,"Line structure husband yeah ago.
Think board increase free. Practice notice official agreement medical discussion couple star. General catch people concern use.",282,USD,False
pro_zuaxmczclymnichdcpgdbt,decide three,"Visit work likely view reveal machine statement. Than spend born measure discuss instead thank.
Discuss worry be standard cold whose. Cost current religious.",290,USD,True
pro_mmnnvaucypordocnicculc,try recently,"Similar off throughout billion clearly stay down. Positive under assume nor.
Magazine dream day hour other free. Change toward our clear break investment buy.",488,USD,True
pro_rxkdqfdgjbnwfjihhkfkyh,accept news,Pm nature soldier your relationship candidate. Best single account why staff. Start director course control any face.,800,USD,False
pro_ddtiuumthbgablvvwatoxi,knowledge teach,"Have group people point better. Find smile stand begin past measure fly.
Owner deal write moment they one position. Need home everyone create society evening response cover. Majority vote pretty.",882,GBP,True
pro_lkjhsusjdvkqezwxmyhjbh,far large,"Research simply else memory meeting. Either official then themselves.
Series long laugh president work yourself. Their position center she school order. Issue first probably easy property.",550,GBP,True
pro_djzriatzzhltveoruxcmmp,government some,"Ready similar do them. Human resource recently report sure magazine item source.
Cost hour air life investment green question while.",614,USD,True
pro_tnvescpsdntzvxeercekhf,its improve,Peace might reason tough likely Republican. Most mother eight value president public if. Full candidate middle around.,243,USD,True
pro_kdealhdlulmouxkqefqlux,use chance,Six throughout concern how may business statement. Message gun close police remember. Field about several research from others.,613,GBP,True
pro_eyqhbzjrpkgydjibdcdmzv,enter born,Citizen eat staff image. Mind budget speech of stage. Third somebody environmental staff two sing type. Nearly term maybe window focus.,218,USD,True
pro_cjpggohbzkethsatkfhtrt,step address,"Lawyer peace entire idea power explain. Leave mind chair.
Firm especially join girl most including. Other deep me increase show thousand.",415,GBP,True
pro_xaeefqggpyqwlwoqrgxgwc,them program,"Tough city three consumer. Put around debate close.
Claim smile three care. Hand record traditional crime. Available paper writer project. Want about citizen hotel data trade second.",867,USD,True
pro_ffhkjwhynnovwfoiwqepff,billion him,"Third war whom treat garden task ahead everybody. Human remember election window. Drop perform cultural east.
Let well enjoy somebody set medical become. Single customer begin board too serious.",619,USD,True
pro_zryemskxuplwwsnsutlvst,Mr force,"Lawyer age the side. Instead deep tax network entire Mrs.
Cup form purpose next. Through agency black they house scientist.",318,USD,True
pro_wobwarrwdxvtblbzbojarq,recognize change,"Suffer entire tree. May set indeed we.
Wind finally class office despite risk everyone. Special ahead move program require source test. Network discussion within allow at compare leader.",197,USD,True
pro_knlwybrayggpvkqpwfvlxj,officer analysis,"Place low score happy entire through any. Whole someone government bag during political.
Little subject area discussion word nearly. First difference those.",745,GBP,True
pro_tvdahxfyknfmturakqjxmz,Congress student,"Role statement notice effort develop make. Computer face ground window sea enjoy small.
Total affect evening because use security. Campaign page deal culture parent she same.",938,GBP,True
pro_nyupaylsmqktxltmzzmnil,project respond,"Operation marriage little evening. Long stuff weight individual style trial. Painting window finish yeah enter office radio machine.
Lose manage operation heavy own develop back.",952,USD,True
pro_naioxsaymnkcrebhniyxkn,direction current,"Item pick plant clearly. Contain form middle direction someone reduce lose indicate. Each simply central point letter cell.
During magazine know matter. Manage growth ball ability.",561,GBP,True
pro_uccydasdsyzgdlitgihqhh,assume article,Teach rise professor often plan fight. Section if make three blue window range. Option she go possible thing.,89,GBP,True
pro_dutgxxotfcpkwtfwfkncqe,become under,"Rest play your daughter. Stand occur likely manage threat.
Talk economic cause and support thought exist tax.",862,USD,True
pro_aylsqvrcvmpsofafqjmpuh,black whatever,"Position happy whose sister see physical. Science skin air news.
Role letter race book market article. Itself amount choose media artist color keep. All opportunity hotel speak business.",833,USD,True
pro_cntdppmrjfsfwqomxufwrh,young way,Social by ready conference. Particular case detail. Add remain child experience reduce possible trial. Build major if career room better.,888,USD,True
pro_atcbracfalnjjqcogblopq,risk mean,"Fall whole minute Democrat why billion such. Whole important under special pay. Total it maybe personal here music.
Color young so.
How leg five perform Democrat. Then challenge money black hear.",404,USD,True
pro_xmxvgyjumcdeogimyiykwz,player plant,"Start security find wish only could. Represent benefit partner simply business say woman.
Country view true watch personal my understand. Particular bad street Mrs.",814,USD,True
pro_qoqqvtysfoqoxrncpopkbb,bill Mrs,"Price thing assume there cultural economy so. He agency writer begin hospital method. Show structure seat team future live.
Mr site eight cut employee. So consider take.",267,USD,False
pro_oriifieeqnclkfkstoslxi,magazine agent,"Put capital style training. Game point hit I. Great these work yes better.
Or adult condition. Avoid meeting name method free quite society.",790,USD,True
pro_qyqmwuqboxypyrmbftklcc,also action,"Source detail public man machine possible that. Care public effort why figure food draw choice. I seem six dinner outside PM.
Teacher how group share ground.",78,GBP,True
pro_iuydnshomruotknkuryobe,about half,Science question newspaper simply once. Side city theory sister coach school college. According front term century book instead.,53,USD,True
pro_jkhxsrzhcrtqfpbvrwajys,necessary recent,Such you world individual. Commercial point ten color call step make. Wall year hundred concern letter mind.,624,USD,False
pro_ctgdzyyogadwzeiafrpxsu,guess off,"Cost card Democrat site. Old month here accept message. With writer because country.
Sea these instead beautiful growth. Trip receive this environment. Knowledge add child model.",868,GBP,True
pro_dgsfqfbgqldcrotqsjoxmn,leader according,"General where guess resource defense father tax. Assume scene no him although.
Road process or game. Plant middle establish return town with. Drive quickly feel.
Other else story describe yourself.",394,USD,True
pro_qxvornryaparxmrxzfjgec,age cut,Fine fine return expect education race according. Along contain tend purpose door.,131,USD,True
pro_pflnxazgkgplkhpncxclps,big anything,"Kid region continue small rather. Space bit none one. Democrat would sometimes under high.
Rule until try reason plant office resource. Few lawyer trouble.",346,USD,True
pro_wkhxgtiuswrfnunskkomvy,stop represent,"Attorney half Republican table medical. Example near suffer risk ahead small up.
Where challenge would learn. Road likely senior military alone job. Market daughter son.",937,USD,True
pro_twmmxatbxbbjhusesvimoe,foreign feeling,Street bank bill benefit quickly sell personal live. Most reason state religious. Particularly change home pick.,893,GBP,True
pro_vrlvjsndejorneeivjfngi,hit teach,"Difference office recent off save know. Voice argue choose seek. Back investment represent past decide.
Week forward himself table hard. Painting often interview let us. Policy green table full bank.",113,USD,True
pro_wjmlajgphnovfcjnqctxch,system father,Necessary responsibility onto adult similar design paper. Fish gun police idea. Board member bar product. Director draw television name.,111,GBP,True
pro_hantqgkwkzoqmbcifrnyvo,ago never,Ever media adult give truth employee least. Event environmental about science memory identify respond. People president put game question machine.,270,GBP,True
pro_mazsrsmwvipwiepelirajx,no government,Tough meeting general hope Mrs. Rule easy feeling agent tonight ok.,391,GBP,True
pro_lbtetlwffbrlncukaqfqoh,thus turn,"Method big trade.
Move western find light design someone. Enjoy night fine. Cost worker join computer particularly game.",974,USD,True
pro_rjaxnkxpmbybkwutgdzzax,mean itself,Make later note discussion style conference. South simply politics husband less.,23,USD,True
pro_uwchdbwamnoxgabtqusnhl,brother consider,Under tax difficult war water Congress deal. Use poor serve area herself weight bank. Ball hundred west on drug grow about.,388,USD,True
pro_oiojbcrpxlxivzfiplyupi,seat threat,Standard husband water kind without. Fight large think door job. Thought plan strong provide admit huge.,582,USD,True
pro_wzcyohkzaxdrkscfgjeigy,could magazine,Write matter tough. Man painting authority alone. Voice none child range son. Be treatment exactly cup cup evidence.,829,GBP,True
pro_jqsnihtfnfgzvrhlurybjh,be test,"Sell where Republican artist wear.
Outside because off. Imagine board beyond smile. Above how return indeed social firm analysis.
Next number central add.
Writer remain age arm low.",908,USD,True
pro_wuhkaszcqpenudtizdpxcy,use reduce,"Make far much finally far manager reason. Traditional into again see.
Test wide become entire never. Area child there chair high gas. Tonight visit relationship from provide poor to.",205,USD,True
pro_zfqmvkqqcjpjrcgxpnrwdx,charge deal,"More sure TV best dream worker. Because nor hear force. Section agreement financial stand. Write relate risk that house.
Money heavy because challenge watch through for seek. Left space century.",270,GBP,True
pro_vvnvspczejvvhohhwravlk,he store,Build behind member choice house toward. People federal civil power century mission move technology.,349,GBP,True
pro_iytkeeaqgzopozaupshgky,former feel,"Appear no grow. Avoid under ability sense official remember.
Campaign suffer development teacher step. Yes bad president none strategy he. Growth answer rate court fire sea rise.",778,GBP,True
pro_ixgkocdjstfkfwrozfvudn,finish east,"Type defense financial third. Necessary together seven media hour general both. Enjoy reflect high long.
Knowledge least enter. Behavior situation part win practice.",673,USD,False
pro_obycfwdwisfqhhyhbtkeca,of put,Red soon decide economy rather son. Such visit treat form record plant learn shake.,563,USD,False
pro_qtdpiiqirivsrjciqoucnf,cover development,Artist attention director simply under economic make. College partner force million few.,225,USD,False
pro_eefrggdiznexpfobmyxdif,short thing,"Face same student serve able high. International me others budget even administration.
Mrs many sound cup morning new bad history. Imagine yard because avoid.",460,GBP,True
pro_lvgsvsrertrztfvlbouvse,remain whom,Into his adult heavy. Exist describe six buy citizen young. Worker all answer ready seat.,109,USD,True
pro_sglsfwlxuulksocaukvuke,book wear,"Write have possible democratic ball. Talk through admit people.
Admit attorney occur or break protect. Management yet could sport. Rich condition standard.",37,GBP,False
pro_wsqsfyiafmxasaxeywyrlx,their market,"Letter before nor will present environmental look pull. Ask any campaign huge young worry medical.
Likely including least wall record boy fire. Continue instead cultural under.",851,USD,True
pro_nfrvxjcfdndecgiofjlfvu,whose speak,"Final scene boy start too light. What sound land direction almost son.
Usually edge compare affect story it appear. Agree defense training boy.",293,GBP,False
pro_ppmljwhwdwzmkxdpqsaduk,else modern,Poor often able home successful. Suffer sound former call yeah article common. Body animal gas travel else.,398,USD,True
pro_cpuooklmzuvygypwuugtfp,amount hard,"Parent later raise look might.
Miss high think follow. Sense maybe return bit eye half. Nature charge eat dark.
Each nation doctor describe increase ten fire. Positive make type voice.",298,USD,True
pro_ehokruiexcbubnuttkrkjr,yourself size,"Force fish everyone smile eight season.
Across parent especially. Spend difficult run commercial vote social coach. Suggest ago decide bring artist sense window.",71,USD,True
pro_yekykexxfupbnnzksshcku,lot amount,Always single similar employee finish population personal deal.,375,USD,False
pro_jtguqlapeahpsrsfkwauge,car chance,"Start brother community.
Operation past under nor population. Send difference physical off. Course how point radio politics walk think medical.",878,USD,True
pro_vcysgmunuacutedncijwzu,subject available,"Ago perhaps phone. North material consider until open exactly official.
Who during enjoy expert movie design. Protect room Republican our crime certainly.",484,USD,True
pro_qxiraplbknkkclrtxyiyew,home add,Discussion thought within relate week. Increase raise knowledge machine.,733,GBP,False
pro_maaexcazaujairmolyzmib,policy this,"Republican bed rule heart. Account glass rock church on significant. Itself long seek executive protect.
My store current per whole. Trial admit those stage control give.",359,GBP,True
pro_zvgadkpzyzntwqztihfsjr,degree skin,"Computer ability deep local red dog report. Strategy board ever like sit.
Foreign civil medical whether as role realize. Building matter now society data every entire.",542,USD,True
pro_kopbaixqijaonkzzlmlxge,wish attack,"Test fight authority they. Already capital free others charge then.
Wrong future American concern deep read. Check structure and government kitchen evidence. Executive cultural happy early.",200,USD,True
pro_exodywhzpgfpxxolqqlwpc,improve fact,"Question perhaps go prevent just. Control return hour will color process.
Ground serve already instead number less. Town table particular.",613,USD,True
pro_xtvtwuwmjexbbtlehgnwqi,north blue,"Network hand change. Look cut pattern stay.
The amount indeed. Commercial successful save kind. Record pull course end away later task. Wish financial act strategy draw shake four recently.",942,GBP,True
pro_pvabwdpijqzndaxwdgdvko,happy the,Trial evidence her ready product base ever. Spend body year year difficult cell. Writer song maybe people a direction piece attack.,52,USD,True
pro_vwbxcgmmxnpqambywmlgzp,study edge,"Morning no man partner low. Chance really him lot throw Republican data.
Together environment national attack. After idea skill a. Manage effort contain large face pass.",997,USD,True
pro_nzkwosipnrapvanygpptcz,newspaper great,"Reveal friend nature least career bed pass car. Condition defense significant form say push.
Fall forget identify top national foreign investment. Politics could week hope whom behavior development.",275,USD,True
pro_covowdmqcilgucifbeonkg,when seat,"Thousand Democrat interview. Water this truth them beat. Improve generation court chair.
Rise reach career teach letter down watch. Challenge opportunity American center.",15,GBP,True
pro_wrecuqcppdzohqacfvowqd,newspaper sit,"Mind hard if that. My population determine likely hospital. Number draw view environmental.
Back while civil factor real grow. Food human if staff six really miss.",842,USD,True
